{
	"1": {
		"geo_coord": [
			121.54051788322738,
			25.01378159377525
		],
		"img_coord": [
			2595,
			2247
		],
		"edges": {
			"2": 16.59
		}
	},
	"2": {
		"geo_coord": [
			121.54063216741014,
			25.013674193620844
		],
		"img_coord": [
			2595,
			2105
		],
		"edges": {
			"1": 16.59
		}
	}
}